NAME|SIZE|SKU|INVPRICE
BOULEVARD CHANGELING 750ML|750ML|3|$15.99
FOOLPROOF FORECAST 16OZ 4PK CAN|16OZ|4|$13.29
SLUMBREW GOSEDESTRY 16OZ 4PK CANS|16OZ|5|$12.99
RON MATUSALEM CLASICO RUM|750ML|6|$21.99
ROGUE HOT TUB SCHOLARSHIP 6PK CANS|12OZ|8|$13.69
CABO WABO ANEJO|750ML|9|$54.99
HERR'S KETTLE SOUR CREAM & ONION 2.625 OZ.|2.6OZ|11|$1.89
MELTHEON WILD TYME 450G|15.5O|12|$15.99
ROMEO Y JULIETA LOTUS LIGHTER|1UNIT|13|$39.99
CROWN ROYAL WINE BARREL 750ML|750ML|14|$69.99
GREAT DIVIDE SAMURAI RICE ALE 15PK CANS|12OZ|15|$16.99
PLANETA ROSE|750ML|16|$14.99
MAS DE LA DAME ROSE 16|750ML|17|$15.99
COLOMBO ROSE CAPE BLEUE 3L|3.0L|18|$79.99
POGGIO BONELLI 12 POGGOASSAI|750ML|19|$43.99
GIROLAMO RUSSO* A RINA 2014 / 2015|750ML|20|$32.99
RAMONA GRAPEFRUIT 4PACK ONLY|250ML|21|$19.99
CAYMUS CAB SP SELECT 14|1.5L|22|$474.99
DI LEONARDO P GRIGIO|750ML|23|$14.99
DI LEONARDO MERLOT|750ML|24|$12.99
TAKARI MIRIN|750ML|25|$11.99
CAPRAI 15 MONTEFALCO ROSSO|750ML|26|$23.99
CARPENE MALVOLTI PROSECCO 187|187ML|28|$5.99
ROYAL BRACKLA 16YR|750ML|30|$139.99
ABERFELDY 16YR|750ML|31|$109.99
DEVERON 18YR|750ML|32|$119.99
CRAIGELLACHIE 17YR|750ML|33|$169.99
ARRAN 14YR|750ML|34|$79.99
CAORUNN GIN 750ML|750ML|35|$41.99
BARREL HOUSE JANE RAE'S 16OZ 4PK CANS|16OZ|36|$14.79
FREEMARK ABBEY RUTHERFORD CAB SAUV|750ML|37|$69.99
FUNKY BUDDHA LAST SNOW PORTER 22OZ|22OZ|38|$12.99
FUNKY BUDDHA PINEAPPLE BEACH 6PK|12OZ|39|$12.19
CHOCOVINE WHIPPED|750ML|40|$9.99
LE GRAND NOIR BRUT|750ML|41|$14.99
LE GRAND NOIR SAUV BLANC|750ML|42|$10.99
BLUE NUN|750ML|43|$29.99
BOLLA CHARDONNAY|1.5L|44|$13.99
BOLLA MERLOT|1.5L|45|$13.99
BOLLA PINOT GRIGIO|1.5L|46|$13.99
BOLLA VALPOLICELLA|1.5L|47|$13.99
FOLONARI VALPOLICELLA|1.5L|48|$13.99
FONTANA CANDIDA PINOT GRIGIO|750ML|49|$9.99
LA FRANCESCA PINOT GRIGIO|1.5L|50|$9.99
LOMBARDO DRY MARSALA|750ML|51|$9.99
RIUNITE MOSCATO 1.5|1.5L|52|$10.99
RIUNITE BIANCO 1.5|1.5L|53|$10.99
RIUNITE PEACH MOSCATO 1.5|1.5L|54|$10.99
RIUNITE LAMBRUSCO 3L|3.0L|55|$15.39
SAN ANTONIO AMARONE VALPOLICELLA|750ML|56|$45.99
BOSCHENDAL GARDEN ROSE|750ML|57|$10.99
FAIRBANKS PORT 1.5|1.5L|58|$11.99
FAIRBANKS PORT 3L|3.0L|59|$17.99
SCAVINO 13 BAROLO BRICCO AMBROGIO 1.5L|1.5L|60|$127.99
SCAVINO 13 BAROLO BRIC DEL FIASC 1.5L|1.5L|61|$189.99
SCAVINO 13 BAROLO CANNUBI 1.5L|1.5L|62|$189.99
OLD POTRERO RYE|750ML|63|$61.99
PASTENE MARSALA|750ML|64|$5.49
SHEFFIELD TAWNY PORT|750ML|65|$5.99
FAIRBANKS CREAM SHERRY 1.5|1.5L|66|$9.99
FAIRBANKS SHERRY 1.5|1.5L|67|$9.99
FAIRBANKS SHERRY|750ML|68|$5.79
FAIRBANKS CREAM SHERRY|750ML|69|$5.79
DESIREE CHOC DESSERT WINE|375ML|70|$18.99
G&D DRY 1.5|1.5L|71|$7.99
AMERICAN SPIRIT ORGANIC POUCH (MAROON)|1UNIT|72|$14.99
G&D DRY 3L|3.0L|74|$12.99
WELCH'S SPARKLING JUICE|750ML|75|$3.99
POGGIO AL TESORO VERMENTINO|750ML|76|$23.99
ARIEL BRUT|750ML|77|$6.00
BALLATORE MOSCATO ROSE|750ML|78|$8.99
BAREFOOT BUBBLY PEACH FUSION|750ML|79|$10.99
BAREFOOT BUBBLY XTRA DRY|750ML|80|$10.99
COOKS BRUT|750ML|81|$8.99
COOKS BRUT 4PK|187ML|82|$8.99
COOKS GRAND RESERVE|750ML|83|$8.99
GREY GOOSE CITRON VODKA 375ML|375ML|84|$21.99
DELICIA WHIPPED|750ML|86|$5.00
GREAT WESTERN BRUT|750ML|87|$8.99
GREY GOOSE CITRON VODKA LTR|1.0L|88|$39.99
GREY GOOSE CITRON VODKA 750ML|750ML|89|$29.99
GREY GOOSE CITRON VODKA 1.75|1.75L|90|$59.99
HENDRICKS GIN 50ML|50ML|91|$5.99
GREAT WESTERN EXTRA DRY|750ML|92|$8.99
VILLA JOLANDA PEACH MOSCATO|750ML|93|$9.99
VILLA JOLANDA SPUMANTE|750ML|94|$9.99
BOSCA SPARKLETINI APPLE|750ML|95|$6.99
BOSCA SPARKLETINI PEACH|750ML|96|$6.99
BOSCA SPARKLETINI RASPBERRY|750ML|97|$6.99
BOSCA SPARKLETINI VERDI SPUMANTE|750ML|98|$6.99
CHRISTINA GRAN SPUMANTE|750ML|99|$7.00
ANNA DE CODORNIU PINOT NOIR|750ML|100|$14.99
